{"assets":{"6B563196B3631B3C3D5A800D4BCCD45C":{"type":"texture","index":0,"assetRequest":{"type":"slide","state":"contents","slide":"none"},"url":{"native":"assets\/0066D265-C062-47B5-ADEA-ED1DE584AFC4.pdf"},"width":1920,"height":1080},"753FDA3151A530D8155E85FCA81206B9":{"type":"texture","index":1,"assetRequest":{"type":"slide","state":"contents","slide":"none"},"url":{"native":"assets\/0066D265-C062-47B5-ADEA-ED1DE584AFC4.pdf"},"width":1920,"height":1080}},"events":[{"effects":[{"beginTime":0,"baseLayer":{"animations":[],"initialState":{"affineTransform":[1,0,0,1,0,0],"masksToBounds":false,"rotation":0,"scale":1,"position":{"pointX":960,"pointY":540},"width":1920,"sublayerTransform":[1,0,0,0,0,1,0,0,0,0,1,0,0,0,0,1],"contentsRect":{"y":0,"x":0,"width":1,"height":1},"opacity":1,"edgeAntialiasingMask":251658240,"height":1080,"hidden":false,"anchorPoint":{"pointX":0.5,"pointY":0.5}},"objectID":"0","layers":[{"animations":[],"initialState":{"affineTransform":[1,0,0,1,0,0],"masksToBounds":false,"rotation":0,"scale":1,"position":{"pointX":960,"pointY":540},"width":1920,"sublayerTransform":[1,0,0,0,0,1,0,0,0,0,1,-0.00035007912466775983,0,0,0,1],"contentsRect":{"y":0,"x":0,"width":1,"height":1},"opacity":1,"edgeAntialiasingMask":251658240,"height":1080,"hidden":false,"anchorPoint":{"pointX":0.5,"pointY":0.5}},"layers":[{"animations":[{"additive":false,"timeOffset":0,"beginTime":0,"repeatCount":0,"fillMode":"both","duration":0.89999997615814209,"autoreverses":false,"animations":[{"repeatCount":0,"timingControlPoint2y":1,"removedOnCompletion":true,"from":{"pointX":2880,"pointY":540},"timingFunction":"custom","additive":false,"timeOffset":0,"autoreverses":false,"timingControlPoint1x":0.40122056007385254,"fillMode":"removed","property":"position","duration":0.89999997615814209,"beginTime":0,"timingControlPoint2x":0.29769736528396606,"timingControlPoint1y":0,"to":{"pointX":960,"pointY":540}},{"repeatCount":0,"timingControlPoint2y":0.99968641996383667,"removedOnCompletion":true,"from":{"scalar":0},"timingFunction":"custom","additive":false,"timeOffset":0,"autoreverses":false,"timingControlPoint1x":0.064713545143604279,"fillMode":"both","property":"opacity","duration":0.89999997615814209,"beginTime":0,"timingControlPoint2x":0.30044639110565186,"timingControlPoint1y":0.41804373264312744,"to":{"scalar":1}}],"removedOnCompletion":false}],"layers":[],"texturedRectangle":{"isBackgroundTexture":false,"singleTextureOpacity":1,"textureType":0,"textBaseline":0,"textXHeight":0,"isVerticalText":false},"initialState":{"affineTransform":[1,0,0,1,0,0],"masksToBounds":false,"rotation":0,"scale":1,"position":{"pointX":960,"pointY":540},"width":1920,"sublayerTransform":[1,0,0,0,0,1,0,0,0,0,1,0,0,0,0,1],"contentsRect":{"y":0,"x":0,"width":1,"height":1},"opacity":1,"edgeAntialiasingMask":0,"height":1080,"hidden":false,"anchorPoint":{"pointX":0.5,"pointY":0.5}},"texture":"753FDA3151A530D8155E85FCA81206B9"},{"animations":[{"additive":false,"timeOffset":0,"beginTime":0,"repeatCount":0,"fillMode":"both","duration":0.89999997615814209,"autoreverses":false,"animations":[{"repeatCount":0,"timingControlPoint2y":0.99731403589248657,"removedOnCompletion":true,"from":{"pointX":960,"pointY":540},"timingFunction":"custom","additive":false,"timeOffset":0,"autoreverses":false,"timingControlPoint1x":0.40079569816589355,"fillMode":"removed","property":"position","duration":0.89999997615814209,"beginTime":0,"timingControlPoint2x":0.29844436049461365,"timingControlPoint1y":0,"to":{"pointX":-960,"pointY":540}},{"repeatCount":0,"timingControlPoint2y":0.99923646450042725,"removedOnCompletion":true,"from":{"scalar":1},"timingFunction":"custom","additive":false,"timeOffset":0,"autoreverses":false,"timingControlPoint1x":0.40115815401077271,"fillMode":"both","property":"opacity","duration":0.89999997615814209,"beginTime":0,"timingControlPoint2x":0.2992461621761322,"timingControlPoint1y":0.0005590096116065979,"to":{"scalar":0}}],"removedOnCompletion":false}],"layers":[],"texturedRectangle":{"isBackgroundTexture":false,"singleTextureOpacity":1,"textureType":0,"textBaseline":0,"textXHeight":0,"isVerticalText":false},"initialState":{"affineTransform":[1,0,0,1,0,0],"masksToBounds":false,"rotation":0,"scale":1,"position":{"pointX":960,"pointY":540},"width":1920,"sublayerTransform":[1,0,0,0,0,1,0,0,0,0,1,0,0,0,0,1],"contentsRect":{"y":0,"x":0,"width":1,"height":1},"opacity":1,"edgeAntialiasingMask":0,"height":1080,"hidden":false,"anchorPoint":{"pointX":0.5,"pointY":0.5}},"texture":"6B563196B3631B3C3D5A800D4BCCD45C"}]}]},"effects":[],"duration":0.89999997615814209,"type":"transition","attributes":{"direction":12},"name":"apple:fade-and-move","objectID":"0"}],"automaticPlay":false,"hyperlinks":[],"accessibility":[{"text":"时间排序.JPEG","targetRectangle":{"y":42.517815313870429,"x":414.68864059448242,"width":457.01371232386009,"height":928.00064466258789}},{"text":"可以在“我的”界面查看博文，顶部有两种排序，默认按照时间排序","targetRectangle":{"y":982.5184599764583,"x":423.46050172205344,"width":439.47000000000003,"height":84.000000000000114}},{"text":"点赞数排序.JPEG","targetRectangle":{"y":35.072770256066079,"x":1056.4242668151855,"width":460.66563551706713,"height":935.50359210501767}},{"text":"按照点赞数排序","targetRectangle":{"y":982.57636236108374,"x":1181.7570747641985,"width":210,"height":42}}],"baseLayer":{"animations":[],"initialState":{"affineTransform":[1,0,0,1,0,0],"masksToBounds":false,"rotation":0,"scale":1,"position":{"pointX":960,"pointY":540},"width":1920,"sublayerTransform":[1,0,0,0,0,1,0,0,0,0,1,0,0,0,0,1],"contentsRect":{"y":0,"x":0,"width":1,"height":1},"opacity":1,"edgeAntialiasingMask":251658240,"height":1080,"hidden":false,"anchorPoint":{"pointX":0.5,"pointY":0.5}},"objectID":"0","layers":[{"animations":[],"initialState":{"affineTransform":[1,0,0,1,0,0],"masksToBounds":false,"rotation":0,"scale":1,"position":{"pointX":960,"pointY":540},"width":1920,"sublayerTransform":[1,0,0,0,0,1,0,0,0,0,1,-0.00035007912466775983,0,0,0,1],"contentsRect":{"y":0,"x":0,"width":1,"height":1},"opacity":1,"edgeAntialiasingMask":251658240,"height":1080,"hidden":false,"anchorPoint":{"pointX":0.5,"pointY":0.5}},"layers":[{"animations":[],"layers":[],"texturedRectangle":{"isBackgroundTexture":false,"singleTextureOpacity":1,"textureType":0,"textBaseline":0,"textXHeight":0,"isVerticalText":false},"initialState":{"affineTransform":[1,0,0,1,0,0],"masksToBounds":false,"rotation":0,"scale":1,"position":{"pointX":960,"pointY":540},"width":1920,"sublayerTransform":[1,0,0,0,0,1,0,0,0,0,1,0,0,0,0,1],"contentsRect":{"y":0,"x":0,"width":1,"height":1},"opacity":1,"edgeAntialiasingMask":0,"height":1080,"hidden":false,"anchorPoint":{"pointX":0.5,"pointY":0.5}},"texture":"6B563196B3631B3C3D5A800D4BCCD45C"}]}]}}]}