{"autoplayTransitionDelay":5,"author":"","timestamp":"2021-55-8 15:1:2","loopSlideshow":0,"filename":"SHARE展示报告.key","autoplayBuildDelay":2,"comment":"","title":"SHARE展示报告.key","showMode":0,"creator":"Apple Keynote 讲演 10.3.8","slideList":["47C7E8D5-10F0-4220-95FF-D2CF3F69043E","D4374D67-942E-4BBF-95C8-BD2352361969","0AB94814-3A69-485E-A5B5-8867939360A1","AAFC93D6-74B8-4799-AD5F-3D99ABC3769B","8979FF24-A871-4552-9964-50A5AF826979","F6FE346B-B2DD-4DE1-97F2-1DCEA85225C4","8B0BEB5E-3079-4C1C-A49E-EECE0DA128F5","FC4B72E5-0AB5-4E47-84C0-659CD0739B35","22A1963B-0278-4745-82EC-8EF801B422A8","CD2AE10F-E13A-456B-A396-130027AF4332","18A544A4-D3B2-45C6-A2A1-3925D7D5D44B","6481ADD7-21EE-4C78-B245-B25E5DA3B894","BE5E1AE1-24B2-4395-A7CB-C9B5D03A8530","B03A5F92-5CDD-4131-86A9-4CC1E9F09E20","8C16E136-6397-4A01-997C-AB5DF10AB8DC","173E341D-5134-40F3-9748-9433ABAFDCCA","BD48B62D-225A-4D68-8E5D-D1CAC1C01FB4","B88DE2F7-D96F-4550-BFCB-C90469348CC7","0066D265-C062-47B5-ADEA-ED1DE584AFC4","3E939D70-CE85-4C85-938C-1F64734C5C00","09814BAD-B2CC-4BFA-A213-0CE180671AF6"],"soundtrack":{"mode":0,"volume":1},"slideWidth":1920,"slideHeight":1080,"slideCount":21,"majorVersion":1,"minorVersion":2,"fonts":["Chalkduster","Avenir-Medium","HanziPenSC-W3","Baskerville","Helvetica","AvenirNext-Medium","MLingWaiMedium-SC","STLibianSC-Regular","Avenir-MediumOblique","Avenir-Black","STXingkaiSC-Light","HelveticaNeue","Baskerville-SemiBold","AvenirNext-DemiBold"]}